word,correct
അകത്തളിര,അകതളിര
അകത്തളിർ,അകതളിർ
അകമ്പിടി,അകമ്പടി
അകർന്ന്,അകന്ന്
അകൽച,അകൽച്ച
അകിമ്പടി,അകമ്പടി‌
അക്ഷറം,അക്ഷരം
അക്ഷറങ്ങളുടെ,അക്ഷരങ്ങളുടെ
അംഗണം,അങ്കണം
അഗദി,അഗതി
അഗധി,അഗതി
അംഗവീരൻ,അങ്കവീരൻ
അഗാതം,അഗാധം
അംഗീകൃദം,അംഗീകൃതം
അംഗീകൃധം,അംഗീകൃതം
അംഗുശ്ടം,അംഗുഷ്ഠം
അംഗുശ്ട്ടം,അംഗുഷ്ഠം
അഗ്നിഭാധ,അഗ്നിബാധ
അംഘബംഖം,അംഗഭംഗം
അംഘബംഗം,അംഗഭംഗം
അംഘഭംഗം,അംഗഭംഗം
അഘാതം,അഗാധം
അഘാധം,അഗാധം
അഘില,അഖില
അങ്കത്വം,അംഗത്വം
അങ്കപങ്കം,അംഗഭംഗം
അങ്കബലം,അംഗബലം
അങ്കീകൃതം,അംഗീകൃതം
അങ്കുഷ്ടം,അംഗുഷ്ഠം
അങ്ങിനെ,അങ്ങനെ
അങ്ങെനെ,അങ്ങനെ
അച്ചുതൻ,അച്യുതൻ
അഛൻ,അച്ഛൻ
അഛ്ചൻ,അച്ഛൻ
അംജനം,അഞ്ജനം
അഞ്ചനം,അഞ്ജനം
അഞ്ജലീ,അഞ്ജലി
അഞ്ജലീബന്ധം,അഞ്ജലിബന്ധം
അഞ്ജാം,അഞ്ചാം
അടിമത്വ,അടിമത്ത
അടിമത്വം,അടിമത്തം
അടിയന്തിര,അടിയന്തര
അട്ടിപ്പേറായി,അട്ടിപ്പേരായി
അണ്ഠകടാഹ,അണ്ഡകടാഹ
അതത,അതാത
അതത്,അതാത്
അതിഥീ,അതിഥി
അതിഥീപൂജ,അതിഥിപൂജ
അതിധി,അതിഥി
അതിർതി,അതിർത്തി
അതിർഥി,അതിർത്തി
അതൃത്തി,അതിർത്തി
അത്ത്യുജ്ജലം,അത്യുജ്ജ്വലം
അത്യുഛകോടി,അത്യുച്ചകോടി
അത്യുജ്ജലം,അത്യുജ്ജ്വലം
അഥരം,അധരം
അഥിതി,അതിഥി
അഥിധി,അതിഥി
അഥിപൻ,അധിപൻ
അഥിർത്തി,അതിർത്തി
അഥിർഥി,അതിർത്തി
അഥീനത,അധീനത
അദരം,അധരം
അദിപൻ,അധിപൻ
അദീനത,അധീനത
അദ്ധേഹ,അദ്ദേഹ
അദ്ഭുത,അത്ഭുത
അദ്ഭുതം,അത്ഭുതം
അദ്രിശ്യ,അദൃശ്യ
അധ: പതന,അധഃപതന
അധ:കൃത,അധഃകൃത
അധ:കൃതം,അധഃകൃതം
അധ:പതന,അധഃപതന
അധ:പതനം,അധഃപതനം
അധകൃത,അധഃകൃത
അധകൃതം,അധഃകൃതം
അധക്കൃത,അധഃകൃത
അധക്കൃതം,അധഃകൃതം
അധപതന,അധഃപതന
അധപതനം,അധഃപതനം
അധപതിക്കുക,അധഃപതിക്കുക
അധപ്പതന,അധഃപതന
അധപ്പതനം,അധഃപതനം
അധവാ,അഥവാ
അധിതി,അതിഥി
അധിർത്തി,അതിർത്തി
അധീനധ,അധീനത
അധ്യക്ഷം,ആധ്യക്ഷ്യം
അധ്യയന,അദ്ധ്യയന
അനദികൃതം,അനധികൃതം
അനന്തിര,അനന്തര
അനന്തിരം,അനന്തരം
അനന്തിരവൻ,അനന്തരവൻ
അനന്തിരാ,അനന്തരാ
അനന്ദം,അനന്തം
അനർഖം,അനർഘം
അനർഗം,അനർഘം
അനാദ,അനാഥ
അനാധ,അനാഥ
അനാവിശ്യ,അനാവശ്യ
അനാശ്ചാദന,അനാച്ഛാദന
അനാശ്ചാദനം,അനാച്ഛാദനം
അനുകാമി,അനുഗാമി
അനുഗ്രഹീത,അനുഗൃഹീത
അനുഗ്രഹീതം,അനുഗൃഹീതം
അനുഗ്രഹീതൻ,അനുഗൃഹീതൻ
അനുരുക്ത,അനുരക്ത
അനുരുക്തയാണ്,അനുരക്തയാണ്
അനുരൂപി,അനുരൂപൻ
അനുവധിക്ക,അനുവദിക്ക
അനുസരണമായ,അനുസൃതമായ
അനുസ്സരണ,അനുസരണ
അനുസ്സരണം,അനുസരണം
അനുസ്സരിക്കുക,അനുസരിക്കുക
അന്തകരണ,അന്തഃകരണ
അന്തക്കരണ,അന്തഃകരണ
അന്തഛിദ്രം,അന്തശ്ഛിദ്രം
അന്തപുര,അന്തഃപുര
അന്തപുരം,അന്തഃപുരം
അന്തപ്പുര,അന്തഃപുര
അന്തസത്ത,അന്തഃസത്ത
അന്വീക്ഷികി,ആന്വീക്ഷികി
അപരാഥം,അപരാധം
അപരാന്നം,അപരാഹ്നം
അപൂർവം,അപൂർവ്വം
അപൂർവ്വഉപകരണം,അപൂർവ്വോപകരണം
അബയം,അഭയം
അബയാർതി,അഭയാർത്ഥി
അബയാർത്ഥി,അഭയാർത്ഥി
അബയാർഥി,അഭയാർത്ഥി
അഭയാർതി,അഭയാർത്ഥി
അഭയാർഥി,അഭയാർത്ഥി
അംഭരം,അംബരം
അഭിഃപ്രായം,അഭിപ്രായം
അഭീഷ്ഠ,അഭീഷ്ട
അഭീഷ്ഠം,അഭീഷ്ടം
അഭ്യസ്ഥ,അഭ്യസ്ത
അഭ്യസ്ഥവിദ്യർ,അഭ്യസ്തവിദ്യർ
അമർത്ഥ്യത,അമർത്യത
അമോഘവീര്യവാൻ,അമോഘവീര്യൻ
അയോധ്യ,അയോദ്ധ്യ
അരങ്ഗ്,അരങ്ങ്
അരവിന്തം,അരവിന്ദം
അർത്തം,അർത്ഥം
അർഥ,അർത്ഥ
അർഥം,അർത്ഥം
അർഥമാക്കുക,അർത്ഥമാക്കുക
അല്ലങ്കി,അല്ലെങ്കി
അവലംഭം,അവലംബം
അവസ്ത,അവസ്ഥ
അവുധി,അവധി
അശ്ചൻ,അച്ഛൻ
അശ്വാരൂടൻ,അശ്വാരൂഢൻ
അശ്ശേഷ,അശേഷ
അശ്ശേഷം,അശേഷം
അഷ്കരം,അക്ഷരം
അഷ്ഠം,അഷ്ടം
അഷ്ഠമി,അഷ്ടമി
അസന്നിഗ്ദ്ധ,അസന്ദിഗ്ദ്ധ
അസുയകലുഷിതൻ,അസൂയകലുഷിതൻ
അസ്തമന,അസ്തമയ
അസ്തമനം,അസ്തമയം
അസ്ത്രപ്രജ്ഞ,അസ്തപ്രജ്ഞ
അസ്ഥപ്രജ്ഞ,അസ്തപ്രജ്ഞ
അസ്ഥിത്വ,അസ്തിത്വ
അസ്വാസ്ഥത,അസ്വസ്ഥത
അസ്സഹനീയ,അസഹനീയ
അസ്സുഖം,അസുഖം
അഹോയീശ,അഹോ ഈശ
അഹോവൃത്തി,അഹോർവൃത്തി
ആക്രിതി,ആകൃതി
ആഖാതം,ആഘാതം
ആഗാദം,ആഘാതം
ആഗാധം,ആഘാതം
ആച്ശര്യം,ആശ്ചര്യം
ആഛര്യം,ആശ്ചര്യം
ആജാനബാഹു,ആജാനുബാഹു
ആടംബരം,ആഡംബരം
ആടംഭരം,ആഡംബരം
ആഡംഭരം,ആഡംബരം
ആഢംബര,ആഡംബര
ആഢംബരം,ആഡംബരം
ആണന്ന്,ആണെന്ന്
ആത്മഹത്തി,ആത്മഹത്യ
ആദിക്യം,ആധിക്യം
ആധിത്യൻ,ആദിത്യൻ
ആധുനീക,ആധുനിക
ആധ്യക്ഷം,ആധ്യക്ഷ്യം
ആധ്യന്തം,ആദ്യന്തം
ആനന്തം,ആനന്ദം
ആപച്ഛങ്ക,ആപത്ശങ്ക
ആപത്ശങ്ക,ആപച്ഛങ്ക
ആമുഗം,ആമുഖം
ആമുഘം,ആമുഖം
ആലങ്കാരീക,ആലങ്കാരിക
ആശ്ച്ഛര്യം,ആശ്ചര്യം
ആഷാടം,ആഷാഢം
ആഷാഠം,ആഷാഢം
ആസ്വാദ്യകര,ആസ്വാദ്യ
ഇങ്ങിനെ,ഇങ്ങനെ
ഇങ്ങെനെ,ഇങ്ങനെ
ഇച്ച,ഇച്ഛ
ഇഛ,ഇച്ഛ
ഇഛ്ച,ഇച്ഛ
ഇഞ്ചിനീയർ,എൻജിനീയർ
ഇദ്ധേഹ,ഇദ്ദേഹ
ഇല്ലങ്കി,ഇല്ലെങ്കി
ഇല്ലങ്കിലും,ഇല്ലെങ്കിലും
ഇല്ലങ്കിൽ,ഇല്ലെങ്കിൽ
ഉചിഥം,ഉചിതം
ഉചിദം,ഉചിതം
ഉച്ചബാഷിണി,ഉച്ചഭാഷിണി
ഉച്ചഭാഷ്ണി,ഉച്ചഭാഷിണി
ഉച്ചിഷ്ടം,ഉച്ഛിഷ്ടം
ഉച്ചിഷ്ഠ,ഉച്ചിഷ്ട
ഉച്ചിഷ്ഠം,ഉച്ഛിഷ്ടം
ഉച്ഛാരണ,ഉച്ചാരണ
ഉച്ഛാരണം,ഉച്ചാരണം
ഉച്ഛൃംഘലൻ,ഉച്ഛൃംഖലൻ
ഉഛാരണ,ഉച്ചാരണ
ഉഛാരണം,ഉച്ചാരണം
ഉഛ്വാസ,ഉച്ഛ്വാസ
ഉഛ്വാസം,ഉച്ഛ്വാസം
ഉജാരണം,ഉച്ചാരണം
ഉജിതം,ഉചിതം
ഉജ്വല,ഉജ്ജ്വല
ഉജ്വലം,ഉജ്ജ്വലം
ഉജ്വലമാക്കുക,ഉജ്ജ്വലമാക്കുക
ഉടംപടി,ഉടമ്പടി
ഉടമസ്തൻ,ഉടമസ്ഥൻ
ഉടമ്ബടി,ഉടമ്പടി
ഉടമ്ഭടി,ഉടമ്പടി
ഉഡ്ഡിയനം,ഉഡ്ഡീനം, ഉഡ്ഡയനം
ഉണ്ണികഥകൾ,ഉണ്ണിക്കഥകൾ
ഉണ്ണിക്കധകൾ,ഉണ്ണിക്കഥകൾ
ഉത്കണ്ട,ഉത്കണ്ഠ
ഉത്ഗ്രഥന,ഉദ്ഗ്രഥന
ഉത്ഗ്രഥനം,ഉദ്ഗ്രഥനം
ഉത്ഘാടന,ഉദ്ഘാടന
ഉത്ഘാടനം,ഉദ്ഘാടനം
ഉത്ഘോഷിക്ക,ഉദ്ഘോഷിക്ക
ഉത്ഘോഷിക്കുക,ഉദ്ഘോഷിക്കുക
ഉത്തരവാദിത്വ,ഉത്തരവാദിത്ത
ഉത്തരവാധ,ഉത്തരവാദ
ഉത്തരവാധി,ഉത്തരവാദി
ഉത്തരവാധിത്വ,ഉത്തരവാദിത്ത
ഉത്ബോധന,ഉദ്ബോധന
ഉത്ബോധനം,ഉദ്ബോധനം
ഉദ്ധേശ,ഉദ്ദേശ
ഉപകാരപ്രധം,ഉപകാരപ്രദം
ഉപവൃഷ്ടൻ,ഉപവിഷ്ടൻ
ഉല്കണ്ഠ,ഉത്കണ്ഠ
ഉൽഘാടന,ഉദ്ഘാടന
ഉൽഘാടനം,ഉദ്ഘാടനം
ഉൾക്കടദുഃഖം,ഉൾകടദുഃഖം
ഉൾപ്പട,ഉൾപ്പെടെ
ഉൾപ്പടെ,ഉൾപ്പെടെ
ഊർജം,ഊർജ്ജം
ഊർജം,ഊർജ്ജം
ഊർജത്,ഊർജ്ജത്
ഊർജമാ,ഊർജ്ജമാ
ഊർജി,ഊർജ്ജി
ഊർജിതം,ഊർജ്ജിതം
ഊർജിതമായി,ഊർജ്ജിതമായി
ഊർജോ,ഊർജ്ജോ
ഊർജ്ജ്വസ്സ്വ,ഊർജ്ജസ്വ
ഊർജ്ജ്വസ്സ്വലം,ഊർജ്ജസ്വലം
ഊർജ്ജ്വസ്സ്വലമായി,ഊർജ്ജസ്വലമായി
ഊർജ്വസ്വ,ഊർജ്ജസ്വ
ഊർജ്വസ്വം,ഊർജ്ജസ്വം
ഊർജ്വസ്വലം,ഊർജ്ജസ്വലം
ഊർജ്വസ്വലമായി,ഊർജ്ജസ്വലമായി
ഊർജ്വസ്സ്വ,ഊർജ്ജസ്വ
ഊർജ്വസ്സ്വലം,ഊർജ്ജസ്വലം
ഊർജ്വസ്സ്വലമായി,ഊർജ്ജസ്വലമായി
ഊർദ്ധം,ഊർദ്ധ്വം
എൻ്റെ,എന്റെ
എൻറെ,എന്റെ
എങ്ങിനെ,എങ്ങനെ
എങ്ങെനെ,എങ്ങനെ
എൺചുവടി,എഞ്ചുവടി
എതൃക്ക,എതിർക്ക
എന്തന്ന്,എന്തെന്ന്
എന്നിട്ടാല്ലേ,എന്നിട്ടല്ലേ
എന്നേയുള്ളു,എന്നേ ഉള്ളു
എന്ന്തു,എന്നതു
എഴുന്നെള്ളുക,എഴുന്നള്ളുക
ഏററവും,ഏറ്റവും
ഐതീഹ്യ,ഐതിഹ്യ
ഐതീഹ്യം,ഐതിഹ്യം
ഐശ്ചിക,ഐച്ഛിക
ഓർക്കാഴിക,ഓർക്കായ്ക
ഔത്സുഖ്യം,ഔൽസുക്യം
ഔത്സുഖ്യ,ഔൽസുഖ്യ
ഔഥാര്യം,ഔദാര്യം
ഔദ്യോഗിഗ,ഔദ്യോഗിക
ഔദ്യോദിക,ഔദ്യോഗിക
ഔധാര്യം,ഔദാര്യം
ഔഷഥം,ഔഷധം
ഔഷദം,ഔഷധം
കടംകഥ,കടങ്കഥ
കടചിൽ,കടച്ചിൽ
കടിനം,കഠിനം
കടുംകയ്,കടുംകൈ
കണ്ഡകാവ്യം,ഖണ്ഡകാവ്യം
കതന,കതിന
കഥനകഥ,കദനകഥ
കദംമ്പം,കദംബം
കദിന,കതിന
കബന്ദം,കബന്ധം
കമ്പനി,കമ്പെനി
കമ്മട്ടി,കമ്മിറ്റി
കയ്യ്,കൈ
കയ്‌വശം,കൈവശം
കരസ്തം,കരസ്ഥം
കർണ്ണകി,കണ്ണകി
കർശന,കർശ്ശന
കർശ്ശന,കർശന
കവയത്രി,കവയിത്രി
കവിടി,കവടി
കവുടി,കവടി
കശവ്,കസവ്
കളബം,കളഭം
കാര്യസ്തൻ,കാര്യസ്ഥൻ
കാവക്കാരൻ,കാവൽക്കാരൻ
കാവിടി,കാവടി
കിട്ടാട്ടെ,കിട്ടട്ടെ
കുടിശിക,കുടിശ്ശിക
കുടിശ്ശിഖ,കുടിശ്ശിക
കുഡുംബം,കുടുംബം
കുണ്ഠലം,കുണ്ഡലം
കുതൂഹലന്നായി,കുതൂഹലിന്നായി
കുത്തതപ്പാട്ടം,കുത്തകപ്പാട്ടം
കുരിചായത്,കുറിച്ചായത്
കുരിച്,കുറിച്ച്
കുരിച്ചു്,കുറിച്ചു്
കുശൃതി,കുസൃതി
കുഷ്ടം,കുഷ്ഠം
കുറിചായത്,കുറിച്ചായത്
കൃതു,ക്രതു
കൃതൃമം,കൃത്രിമം
കൃമ്മീരവധം,കിർമീരവധം
കൊണ്ട്ട്,കൊണ്ട്
കൊന്റ്,കൊണ്ട്
കൊൻറ്,കൊണ്ട്
കോഷ്ടം,കോഷ്ഠം
ക്രിത്യ,കൃത്യ
ക്രിത്രിമം,കൃത്രിമം
ക്രോടീകരിക്ക,ക്രോഡീകരിക്ക
ഗന്ദം,ഗന്ധം
ഗമഗം,ഗമകം
ഗരം,ഖരം
ഗരുടൻ,ഗരുഡൻ
ഗരുഠൻ,ഗരുഡൻ
ഗരുഢ,ഗരുഡ
ഗരുഢൻ,ഗരുഡൻ
ഗൽഗതം,ഗൽഗദം
ഗാന്തർവം,ഗാന്ധർവം
ഗാന്ദർവം,ഗാന്ധർവം
ഗുംഭനം,ഗുംഫനം
ഗൃഹസ്തൻ,ഗൃഹസ്ഥൻ
ഗ്രന്ധം,ഗ്രന്ഥം
ഘണ്ഡാ,ഘണ്ടാ
ചട്ട്ണി,ചട്ണി
ചതുരസ്രം,ചതുരശ്രം
ചാനളിനില്ല,ചാനലിനില്ല
ചാനെൽ,ചാനൽ
ചാനേൽ,ചാനൽ
ചാമ്പയ്ങ്ങ,ചാമ്പയ്ക്ക
ചിത്രക്കാരൻ,ചിത്രകാരൻ
ചിന്താർമണി,ചിന്താമണി
ചിലവാ,ചെലവാ
ചിലവാക്കുക,ചെലവാക്കുക
ചിലവു,ചെലവു
ചിലവ്,ചെലവ്
ചിലവ്,ചെലവ്
ചുകപ്പു,ചുവപ്പ്
ചുമ്മനം,ചുംബനം
ചൂഡാർമണി,ചൂഡാമണി
ചെതൽ,ചിതൽ
ചെരിച്ച്,ചരിച്ച്
ചേതഭ്രമം,ചേതോവിഭ്രമം
ചോതിച്ചപ്പോൾ,ചോദിച്ചപ്പോൾ
ചോദ്യച്ഛിന്നം,ചോദ്യചിഹ്നം
ജഡായു,ജടായു
ജാൻസിറാണി,ഝാൻസിറാണി
ജാംബുവതി,ജാംബവതി
ജാമ്പവതി,ജാംബവതി
ജീവശ്ചവ,ജീവച്ഛവ
ജീവശ്ച‌വം,ജീവച്ഛവം
ജീവശ്ശവ,ജീവച്ഛവ
ജീവശ്ശവം,ജീവച്ഛവം
ജേഷ്ട,ജ്യേഷ്ഠ
ജേഷ്ടൻ,ജ്യേഷ്ഠൻ
ജേഷ്ഠ,ജ്യേഷ്ഠ
ജേഷ്ഠൻ,ജ്യേഷ്ഠൻ
ജ്യേഷ്ട,ജ്യേഷ്ഠ
ജ്യേഷ്ടൻ,ജ്യേഷ്ഠൻ
ഝടതി,ഝടിതി
ഝടുതി,ഝടിതി
ഝഡുതി,ഝടിതി
ഞടുങ്ങി,നടുങ്ങി
ഞാങ്ങൾ,ഞങ്ങൾ
ടിക്കറ്റ്,ടിക്കെറ്റ്
തക്രിതിയായ്,തകൃതിയായ്
തഗർക്കൽ,തകർക്കൽ
തഗർക്കുന്ന,തകർക്കുന്ന
തഗർച്ച,തകർച്ച
തങ്കക്കൊടം,തങ്കക്കുടം
തങ്കവാദിൽ,തങ്കവാതിൽ
തച്ഛൻ,തച്ചൻ
തടാഗം,തടാകം
തഡയണം,തടയണം
തഡയൽ,തടയൽ
തഡയുക,തടയുക
തണൽമ്മരം,തണൽമരം
തത്വം,തത്ത്വം
തത്വപടനം,തത്ത്വപഠനം
തത്വമസി,തത്ത്വമസി
തത്വാർത്ത,തത്വാർത്ഥ
തഥനുസൃതമായ,തദനുസൃതമായ
തനദായ,തനതായ
തന്ത്രപ്രഥാനം,തന്ത്രപ്രധാനം
തന്ത്രപ്രദാനം,തന്ത്രപ്രധാനം
തപശക്തി,തപഃശക്തി
തപസി,തപസ്വി
തപസ്വിനായ്,തപസ്സിനായി
തബസ്വി,തപസ്വി
തബസ്സ്,തപസ്സ്
തബാൽ,തപാൽ
തബിയ്ക്കുന്നു,തപിയ്ക്കുന്നു
തംബുരാട്ടി,തമ്പുരാട്ടി
തംബുരാൻ,തമ്പുരാൻ
തബൊവനം,തപോവനം
തഭല,തബല
തമോഖർത്തം,തമോഗർത്തം
തരംഖം,തരംഗം
തരംഖിണി,തരംഗിണി
തരംഘം,തരംഗം
തരഘിണി,തരംഗിണി
തരിശുബൂമി,തരിശുഭൂമി
തരുണപഥവി,തരുണപദവി
തരുണപധവി,തരുണപദവി
തലമുഡി,തലമുടി
തലവേഥന,തലവേദന
തലവേധന,തലവേദന
തലസ്താനം,തലസ്ഥാനം
തൽകാലം,തത്കാലം
തൽസമയം,തത്സമയം
തറവാഡി,തറവാടി
താങ്കൾക്,താങ്കൾക്ക്
താണ്ടവം,താണ്ഡവം
താന്കൾ,താങ്കൾ‌
താപസ്സ,താപസ
താപസ്സൻ,താപസൻ
താല്പര്യം,താൽപര്യം
തിമിംഗല,തിമിംഗില
തിരയുക,തെരയുക
തീപ്പട്ടി,തീപ്പെട്ടി
തീർത്തം,തീർത്ഥം
തീർത്തങ്ങൾ,തീർത്ഥങ്ങൾ
തീവണ്ടിപ്പാഥ,തീവണ്ടിപ്പാത
തീവ്രവാതം,തീവ്രവാദം
തീവ്രവാഥം,തീവ്രവാദം
തീവ്രവാധം,തീവ്രവാദം
തീഷണ,തീക്ഷ്ണ
തീഷ്ണ,തീക്ഷ്ണ
തീഷ്ണം,തീക്ഷ്ണം
തുച്ചം,തുച്ഛം
തുടർക്കത,തുടർക്കഥ
തുടർക്കദ,തുടർക്കഥ
തുഡക്കം,തുടക്കം
തുഡരും,തുടരും
തുംബ,തുമ്പ
തുരംഗം,തുരങ്കം
തുരംഘം,തുരങ്കം
തുർക്കിബാഷ,തുർക്കിഭാഷ
തുലനാവസ്ത,തുലനാവസ്ഥ
തുലസി,തുളസി
തുലസിക്കതിർ,തുളസിക്കതിർ
തുലസീ,തുളസീ
തുലസീഗ്രന്ഥാലയം,തുളസീഗ്രന്ഥാലയം
തുലസീതളങ്ങൾ,തുളസീദളങ്ങൾ
തുലസീദാസചരിത്രം,തുളസീദാസചരിത്രം
തുലാബാരം,തുലാഭാരം
തുല്യദുക്കിതർ,തുല്യദുഃഖിതർ
തുല്യദുഖിതർ,തുല്യദുഃഖിതർ
തുല്യപംഗാളികൾ,തുല്യപങ്കാളികൾ
തുല്യപ്രാഥാന്യം,തുല്യപ്രാധാന്യം
തുല്യപ്രാദാന്യം,തുല്യപ്രാധാന്യം
തുളസീധാമം,തുളസീദാമം
തുറമുകം,തുറമുഖം
തുറമുഗം,തുറമുഖം
തുറമുഘം,തുറമുഖം
തൂവല്,തൂവൽ
തൃകോണ,ത്രികോണ
തൃകോണം,ത്രികോണം
തൃശങ്കു,ത്രിശങ്കു
തൊളസി,തുളസി
തൊളസിക്കതിർ,തുളസിക്കതിർ
ത്രപ്തി,തൃപ്തി
ത്രിതീയ,തൃതീയ
ത്രിപ്രയാർ,തൃപ്രയാർ
ത്രിശ്ശൂർ,തൃശ്ശൂർ
ദാരിദ്രം,ദാരിദ്ര്യം
ദിവ്യത്ത്വ,ദിവ്യത്വ
ദു:ഖ,ദുഃഖ
ദു:ഖം,ദുഃഖം
ദു:ഖത്ത,ദുഃഖത്ത
ദു:ഖമ,ദുഃഖമ
ദുഖം,ദുഃഖം
ദുഖത്ത,ദുഃഖത്ത
ദുഖമ,ദുഃഖമ
ദുശീല,ദുശ്ശീല
ദുശീലം,ദുശ്ശീലം
ദുഷ്ടലാകിന്റെ,ദുഷ്ടലാക്കിന്റെ
ദുഷ്ടലാക്,ദുഷ്ടലാക്ക്
ദൃഷ്ടാവ്,ദ്രഷ്ടാവ്
ദൈവീക,ദൈവിക
ദ്വന്ദയു,ദ്വന്ദ്വയു
ദ്വന്ദയുദ്ധം,ദ്വന്ദ്വയുദ്ധം
ധനജ്ഞയ,ധനഞ്ജയ
ധനജ്ഞയൻ,ധനഞ്ജയൻ
ധനഃസ്ഥിതി,ധനസ്ഥിതി
ധാർമീക,ധാർമ്മിക
ധാർമ്മീക,ധാർമ്മിക
ധൂമഹേതു,ധൂമകേതു
ധൃതഗതി,ദ്രുതഗതി
നയ്യായികൻ,നൈയായികൻ
നരഹത്തി,നരഹത്യ
നവോഡ,നവോഢ
നവോഥാന,നവോത്ഥാന
നവോഥാനം,നവോത്ഥാനം
നവോദ്ഥാന,നവോത്ഥാന
നവോദ്ഥാനം,നവോത്ഥാനം
നവോദ്ധാന,നവോത്ഥാന
നവോദ്ധാനം,നവോത്ഥാനം
നവോധാന,നവോത്ഥാന
നവോധാനം,നവോത്ഥാനം
നാക്കേൽ,നാക്കിൽ
നാടി,നാഡി
നാട്ടായ്മ,നാട്ടാണ്മ
നിക്ഷ്പക്ഷ,നിഷ്പക്ഷ
നിക്ഷ്പക്ഷം,നിഷ്പക്ഷം
നിഖണ്ടു,നിഘണ്ടു
നിഖണ്ഡു,നിഘണ്ടു
നിഘണ്ഡു,നിഘണ്ടു
നിഘണ്ടുകൾ:നിഘണ്ടുക്കൾ
നിച്ചയം,നിശ്ചയം
നിഛയം,നിശ്ചയം
നിഛലം,നിശ്ചലം
നിഛ്ചയം,നിശ്ചയം
നിഛ്ചലം,നിശ്ചലം
നിണക്ക്,നിനക്ക്
നിമഗ്ദൻ,നിമഗ്നൻ
നിരസ്സിക്കു,നിരസിക്കു
നിരസ്സിക്കുക,നിരസിക്കുക
നിർദേശ,നിർദ്ദേശ
നിർദ്ധേശ,നിർദ്ദേശ
നിർധേശ,നിർദ്ദേശ
നിർമല,നിർമ്മല
നിർമാണ,നിർമ്മാണ
നിർമാണം,നിർമ്മാണം
നിർമിക്,നിർമ്മിക്
നിശബ്ദ,നിശ്ശബ്ദ
നിശബ്ദം,നിശ്ശബ്ദം
നിശേഷ,നിശ്ശേഷ
നിശേഷം,നിശ്ശേഷം
നിശ്ചേഷ്ഠൻ,നിശ്ചേഷ്ടൻ
നിഷ്ക്രീയ,നിഷ്ക്രിയ
നിഷ്ടുരം,നിഷ്ഠുരം
നിഷ്ടൂരം,നിഷ്ഠുരം
നിഷ്ഠൂരം,നിഷ്ഠുരം
നിസംശയ,നിസ്സംശയ
നിസംശയം,നിസ്സംശയം
നിസാരം,നിസ്സാരം
നിസാരത,നിസ്സാരത
നിസാരതം,നിസ്സാരതം
നിസാരമാ,നിസ്സാരമാ
നിസാരമാണ്,നിസ്സാരമാണ്
നിസ്വാർത്ഥ,നിസ്സ്വാർത്ഥ
നിസ്വാർത്ഥം,നിസ്സ്വാർത്ഥം
നിസ്വാർത്ഥമായി,നിസ്സ്വാർത്ഥമായി
നീരാജനം,നീരാഞ്ജനം
നീരാഞ്ജന,നീരാജന
നേത്രിത്വ,നേതൃത്വ
നേർത്തേ,നേരത്തേ‌
പകരപ്പ്,പകർപ്പ്
പകരമയും,പകരമായും
പകർച്ചവ്യാധികളെക്കുറിച്ചു,പകർച്ചവ്യാധികളെക്കുറിച്ച്
പകലി,പകൽ
പകലുകള്,പകലുകൾ
പക്രിയ,പ്രക്രിയ
പക്ഷത്താണെന്നു,പക്ഷത്താണെന്ന്
പക്ഷപാദി,പക്ഷപാതി
പങ്കാളിത്വ,പങ്കാളിത്ത
പങ്കാളിത്വം,പങ്കാളിത്തം
പങ്കുവയ്കുക,പങ്കുവെക്കുക
പച്ചൈക്കിളി,പച്ചക്കിളി
പഞ്ചാര,പഞ്ചസാര
പഞ്ജായത്ത്,പഞ്ചായത്ത്
പടനം,പഠനം
പട്ടാളക്യാംബിൽ,പട്ടാളക്യാമ്പിൽ
പട്ടാളക്യാംബ്,പട്ടാളക്യാമ്പ്
പഠിത്വം,പഠിത്തം
പഡനം,പഠനം
പഢനം,പഠനം
പണ്ഠം,പണ്ടം
പണ്ഠാരം,പണ്ടാരം
പണ്ഡം,പണ്ടം
പണ്ഡാരം,പണ്ടാരം
പതവി,പദവി
പതിവൃത,പതിവ്രത
പതിവ്രതരത്നം,പതിവ്രാതരത്നം
പധവി,പദവി
പംബരം,പമ്പരം
പരപ്പേർ,പരല്‌പേർ
പരമാവദി,പരമാവധി
പരവദാനി,പരവതാനി
പരവധാനി,പരവതാനി
പരസ്യതിലൂടെയും,പരസ്യത്തിലൂടെയും
പരിജ,പരിച
പരിജയം,പരിചയം
പരിണത,പരിണിത
പരിണിത,പരിണത
പരിണേതൻ,പരിണീതൻ
പരിതസ്ഥിതി,പരിതഃസ്ഥിതി
പരിത്യാകം,പരിത്യാഗം
പരിമിദം,പരിമിതം
പരിമിധം,പരിമിതം
പരൂക്ഷ,പരീക്ഷ
പലിസ,പലിശ
പറയുന്നുന്റ്റ്,പറയുന്നുണ്ട്
പാകിസ്ഥാ,പാകിസ്താ
പാക്കറ്റ്,പായ്ക്കറ്റ്
പാക്കിസ്താ,പാകിസ്താ
പാക്കിസ്താൻ,പാകിസ്താൻ
പാക്കിസ്ഥാ,പാകിസ്താ
പാക്കിസ്ഥാൻ,പാകിസ്താൻ
പാണിഗൃഹണ,പാണിഗ്രഹണ
പാണിഗൃഹണം,പാണിഗ്രഹണം
പാണ്ഡിത്വം,പാണ്ഡിത്യം
പാദസ്വര,പാദസര
പാദസ്വരം,പാദസരം
പാംബ്,പാമ്പ്
പാരിചാതം,പാരിജാതം
പാലകി,പാലികാ
പാവയ്ക്ക,പാവക്ക
പാശുപദം,പാശുപതം
പാശ്ഛാത്യം,പാശ്ചാത്യം
പീടനം,പീഡനം
പീഠനം,പീഡനം
പീഢ,പീഡ
പീഢന,പീഡന
പീഢനം,പീഡനം
പുനർസംഘടന,പുനസ്സംഘടന
പുന:സംഘടന,പുനസ്സംഘടന
പുരാണഇതിഹാസങ്ങൾ,പുരാണേതിഹാസങ്ങൾ
പുരാതിന,പുരാതന
പുരാതിനം,പുരാതനം
പുരാതീന,പുരാതന
പുരാതീനം,പുരാതനം
പുരാവർത്തപരാമർശം,പുരാവൃത്തപരാമർശം
പുശ്ചം,പുച്ഛം
പുറകേ,പിറകേ
പുറന്നു,പിറന്നു
പൂർവീക,പൂർവ്വിക
പൂർവ്വാന്നം,പൂർവ്വാഹ്നം
പൃഥിവിപതി,പൃഥിവീപതി
പെട്ടന്ന,പെട്ടെന്ന
പെട്ടന്ന്,പെട്ടെന്ന്
പേരയ്ക്ക,പേരക്ക
പൈശ,പൈസ
പൊടവ,പുടവ
പ്രകൃതീദേവി,പ്രകൃതിദേവി
പ്രകൃതീസൌന്ദര്യം,പ്രകൃതിസൌന്ദര്യം
പ്രകൃദി,പ്രകൃതി
പ്രകൃധി,പ്രകൃതി
പ്രക്രിതി,പ്രകൃതി
പ്രക്ഷോഭണ,പ്രക്ഷോഭ
പ്രക്ഷോഭനം,പ്രക്ഷോഭനം
പ്രഗത്ഭ,പ്രഗല്ഭ
പ്രഗല്ഭ,പ്രഗത്ഭ
പ്രതിക്ഷേധ,പ്രതിഷേധ
പ്രഥാന,പ്രധാന
പ്രഥാനം,പ്രധാനം
പ്രദക്ഷണ,പ്രദക്ഷിണ
പ്രദിക്ഷണ,പ്രദക്ഷിണ
പ്രദിക്ഷിണ,പ്രദക്ഷിണ
പ്രഫസർ,പ്രൊഫെസർ
പ്രബന്തം,പ്രബന്ധം
പ്രമാണ ആധാര സൂചി,അവലംബം
പ്രമാണ ആധാരസൂചി,അവലംബം
പ്രമാണാധാര സൂചി,അവലംബം
പ്രമാണാധാരസൂചി,അവലംബം
പ്രവർത്തി,പ്രവൃത്തി
പ്രവർത്തിയല,പ്രവൃത്തിയല
പ്രവർത്തിയി,പ്രവൃത്തിയി
പ്രവർത്തിയു,പ്രവൃത്തിയു
പ്രവർത്തിയെ,പ്രവൃത്തിയെ
പ്രവർത്തിയേ,പ്രവൃത്തിയേ
പ്രവൃത്തകൻ,പ്രവർത്തകൻ
പ്രവൃത്തന,പ്രവർത്തന
പ്രവൃത്തനം,പ്രവർത്തനം
പ്രവൃത്തനമാണ്,പ്രവർത്തനമാണ്
പ്രവൃത്തിക്ക,പ്രവർത്തിക്ക
പ്രവൃത്തിക്കുക,പ്രവർത്തിക്കുക
പ്രസിഡെന്റ്,പ്രെസിഡെന്റ്
പ്രസ്,പ്രെസ്
പ്രസ്താനം,പ്രസ്ഥാനം
പ്രസ്താവന,പ്രസ്ഥാവന
പ്രസ്ഥാപം,പ്രസ്താവം
പ്രസ്ഥാരം,പ്രസ്താരം
പ്രസ്ഥാവന,പ്രസ്താവന
പ്രസ്ഥുതം,പ്രസ്തുതം
പ്രാഗത്ഭ്യ,പ്രാഗല്ഭ്യ
പ്രാഗല്ഭ്യം,പ്രാഗത്ഭ്യം
പ്രാധമികം,പ്രാഥമികം
പ്രാംസേറിനോട്ട്,പ്രാമിസ്സറിനോട്ട്
പ്രിൻസിപ്പാൽ,പ്രിൻസിപ്പൽ
പ്രൊഫസർ,പ്രൊഫെസർ
ഫലിദം,ഫലിതം
ഫലിധം,ഫലിതം
ഫാവി,ഭാവി
ഫൂതം,ഭൂതം
ഫൂമി,ഭൂമി
ബങ്കളാവ്,ബംഗ്ലാവ്
ബയം,ഭയം
ബാഗ്യം,ഭാഗ്യം
ബാധ്യത,ബാദ്ധ്യത
ബാരതം,ഭാരതം
ബൂതം,ഭൂതം
ബേഗ്,ബാഗ്
ബേങ്ക്,ബാങ്ക്
ബ്രഹ്മാണ്ഠ,ബ്രഹ്മാണ്ഡ
ഭഗവത്ഗീത,ഭഗവദ്ഗീത
ഭഗവത്ചൈതന്യം,ഭഗവച്ചൈതന്യം
ഭഗവത്ദർശനം,ഭഗവദ്ദർശനം
ഭഗവത്‌മാഹാത്മ്യം,ഭഗവത്മാഹാത്മ്യം
ഭണ്ടാരം,ഭണ്ഡാരം
ഭണ്ഠാരം,ഭണ്ഡാരം
ഭരദേവ,പരദേവ
ഭരദേവത,പരദേവത
ഭാക്യം,ഭാഗ്യം
ഭാരഥം,ഭാരതം
ഭാരധം,ഭാരതം
ഭാര്യപുത്രന്മാർ,ഭാര്യാപുത്രന്മാർ
ഭാഹ്യം,ബാഹ്യം
ഭീഭത്സ,ബീഭത്സ
ഭീഭത്സം,ബീഭത്സം
ഭൗതീക,ഭൗതിക
ഭൗതീകം,ഭൗതികം
ഭ്രത്യ,ഭൃത്യ
ഭ്രത്യൻ,ഭൃത്യൻ
ഭ്രഷ്ഠ,ഭ്രഷ്ട
ഭ്രഷ്ഠൻ,ഭ്രഷ്ടൻ
മകാള്,മകൾ
മഗരം,മകരം
മടയത്വ,മടയത്ത
മടയത്വം,മടയത്തം
മഠയ,മടയ
മഠയത്വ,മടയത്ത
മഠയത്വം,മടയത്തം
മഠയൻ,മടയൻ
മണ്ടലം,മണ്ഡലം
മണ്ഡൻ,മണ്ടൻ
മതുരം,മധുരം
മദുരം,മധുരം
മധ്യസ്തൻ,മധ്യസ്ഥൻ
മധ്യാന്നം,മധ്യാഹ്നം
മന: പൂ,മനഃപൂ
മന:പൂ,മനഃപൂ
മനപരിഷ്കാരം,മനഃപരിഷ്കാരം
മനഃപീഢ,മനഃപീഡ
മനപ്പൂർവ,മനഃപൂർവ
മനപ്പൂർവം,മനഃപൂർവം
മനപ്പൂർവ്വ,മനഃപൂർവ
മനപ്പൂർവ്വം,മനഃപൂർവം
മനസാക്ഷി,മനഃസാക്ഷി
മനസാക്ഷി,മനസ്സാക്ഷി
മനസി,മനസ്സി
മനസ്ഥാപ,മനസ്താപ
മനസ്ഥാപം,മനസ്താപം
മനസ്വിനി,മനസ്സ്വിനി
മനസ്സാ,മനസാ
മനസ്സിലാകി,മനസ്സിലാക്കി
മനുഷ്യത്ത്വ,മനുഷ്യത്വ
മനുഷ്യത്ത്വം,മനുഷ്യത്വം
മനോഖഗം,മനഃഖഗം
മനോചാഞ്ചല്യം,മനശ്ചാഞ്ചല്യം
മനോതാപം,മനസ്താപം
മന്താരം,മന്ദാരം
മന്തിരം,മന്ദിരം
മന്ധര,മന്ഥര
മന്ധാരം,മന്ദാരം
മന്ധിരം,മന്ദിരം
മയൂകം,മയൂഖം
മയൂഗം,മയൂഖം
മയൂഘം,മയൂഖം
മയ്ലാഞ്ചി,മൈലാഞ്ചി
മഹജ്ജനം,മഹാജനം
മഹത്ചരിത,മഹച്ചരിത
മഹത്ചരിതം,മഹച്ചരിതം
മഹത്വ,മഹത്ത്വ
മഹത്വം,മഹത്ത്വം
മഹൽദീപം,മഹാദീപം
മഹശ്ചരിത,മഹച്ചരിത
മഹശ്ചരിതം,മഹച്ചരിതം
മഹാഐശ്വര്യം,മഹൈശ്വര്യം
മഹാത്മ്യം,മാഹാത്മ്യം
മാതുരി,മാധുരി
മാതൃപിതാക്കൾ,മാതാപിതാക്കൾ
മാതൃബാഷ,മാതൃഭാഷ
മാതൃബൂമി,മാതൃഭൂമി
മാഥുലൻ,മാതുലൻ
മാദുരി,മാധുരി
മാദുലൻ,മാതുലൻ
മാദൃഭാഷ,മാതൃഭാഷ
മാധുലൻ,മാതുലൻ
മാധ്യസ്ഥം,മാധ്യസ്ഥ്യം
മാനസീക,മാനസിക
മാനസീകം,മാനസികം
മാനസ്സാ,മാനസാ
മാനസ്സിക,മാനസിക
മാനസ്സീക,മാനസിക
മാർഗം,മാർഗ്ഗം
മാർഗം,മാർഗ്ഗം
മാർഗത്ത,മാർഗ്ഗത്ത
മാർഗമ,മാർഗ്ഗമ
മാർജന,മാർജ്ജന
മാർജാര,മാർജ്ജാര
മാർജാരൻ,മാർജ്ജാരൻ
മികച,മികച്ച
മിഠിപ്പ്,മിടിപ്പ്
മിഡിപ്പ്,മിടിപ്പ്
മിഢിപ്പ്,മിടിപ്പ്
മിധുനം,മിഥുനം
മുഖദാവിൽ,മുഖതാവിൽ
മുഖാന്തിര,മുഖാന്തര
മുഗ്ദ്ധകണ്ഠ,മുക്തകണ്ഠ
മുതലാളിത്വ,മുതലാളിത്ത
മുതലാളിത്വം,മുതലാളിത്തം
മുർശ്ച,മൂർഛ
മുറിയേറ്റ്,മുറിവേറ്റ്
മൂർശ്ച,മൂർഛ
മേഖ,മേഘ
മേഗം,മേഘം
മേഘല,മേഖല
മേഢം,മേടം
മൈലാജി,മൈലാഞ്ചി
മോൻ,മകൻ
മോഹാത്സ്യം,മോഹാലസ്യം
മോള്,മകൾ
മൗലീക,മൗലിക
മ്യുസീയം,മ്യൂസിയം
മ്യൂസീയം,മ്യൂസിയം
മ്ലേശ്ചൻ,മ്ലേച്ഛൻ
യഞ്ജം,യജ്ഞം
യന്ദ്രം,യന്ത്രം
യശശരീര,യശഃശരീര
യശശരീരൻ,യശഃശരീരൻ
യാജകൻ,യാചകൻ
യാദൃശ്ചിക,യാദൃച്ഛിക
യാദൃശ്ചികം,യാദൃച്ഛികം
യാദൃശ്ചികമായി,യാദൃച്ഛികമായി
യാധാർത്ഥം,യാഥാർത്ഥം
യുക്ത്യാനുസരണം,യുക്ത്യനുസരണം
യുദ്ദം,യുദ്ധം
യുവത്തം,യുവത്വം
യൂണിവേൾസിറ്റി,യൂണിവേഴ്സിറ്റി, യൂണിവേഴ്‌സിറ്റി
യെമൂന,യമുന
യോകം,യോഗം
യോചിക്കു,യോജിക്കു
യോചിക്കുക,യോജിക്കുക
യൌവ്വനം,യൌവനം
യൗവ്വന,യൗവന
രക്ഷകർത്താവ്,രക്ഷാകർത്താവ്
രംഘപൂജ,രംഗപൂജ
രങ്കം,രംഗം
രങ്കപൂജ,രംഗപൂജ
രജിസ്റ്റാർ,രജിസ്റ്റ്രാർ
രാഞ്ജി,രാജ്ഞി
രാപ്പക,രാപക
രുഗ്മിണി,രുക്മിണി
രൂപീകര,രൂപവത്കര
രോകം,രോഗം
രോഗ ഗ്രസ്ഥ,രോഗഗ്രസ്ത
രോഗഗ്രസ്ഥ,രോഗഗ്രസ്ത
രോഗഗ്രസ്ഥൻ,രോഗഗ്രസ്തൻ
രോഗപീഢ,രോഗപീഡ
ലക്ഷോപിലക്ഷം,ലക്ഷോപലക്ഷം
ലജ്ഞ,ലജ്ജ
ലൈംഗീക,ലൈംഗിക
ലൈംഗീകം,ലൈംഗികം
ലൌകീകം,ലൌകികം
ലൗകീക,ലൗകിക
ലൗകീകം,ലൗകികം
വകഭേതങ്ങളുണ്ട്,വകഭേദങ്ങളുണ്ട്
വകഭേതങ്ങൾ,വകഭേദങ്ങൾ
വകുപ്പുമേതാവികൾ,വകുപ്പുമേധാവികൾ
വക്ക്ത്തിയും,വക്തിയും
വക്ത്താക്കളായി,വക്താക്കളായി
വക്ത്താവായി,വക്താവായി
വക്ത്താവ്,വക്താവ്
വക്രരേക,വക്രരേഖ
വക്രോത്തി,വക്രോക്തി
വംഗത്തം,വങ്കത്തം
വഗാരം,വകാരം
വങ്കം,വംഗം
വചനപ്രസാതം,വചനപ്രസാദം
വചനരേകയിൽ,വചനരേഖയിൽ
വചനശുശ്സ്സുഷാസഹായി,വചനശുശ്രൂഷാസഹായി
വചനസുത,വചനസുധ
വചോസുധ,വചസ്സുധ
വജനം,വചനം
വജസ്സുകൾ,വചസ്സുകൾ
വജൊത്തരങ്ങൾ,വചോത്തരങ്ങൾ
വജ്രലേക,വജ്രലേഖ
വയ്കുന്നേരം,വൈകുന്നേരം
വയ്യാകരണൻ,വൈയാകരണൻ
വരണ്യൻ,വരേണ്യൻ
വർജന,വർജ്ജന
വർജനം,വർജ്ജനം
വർജിക്ക,വർജ്ജിക്ക
വർജിക്കുക,വർജ്ജിക്കുക
വർജിക്കൂ,വർജ്ജിക്കൂ
വർജ്യം,വർജ്ജ്യം
വർധന,വർദ്ധന
വർധനയ,വർദ്ധനയ
വർധനവ,വർദ്ധനവ
വർധനവ്,വർദ്ധനവ്
വർധി,വർദ്ധി
വലുപ്പ,വലിപ്പ
വലുപ്പം,വലിപ്പം
വംശസ്തം,വംശസ്ഥം
വംശാതിയേ,വംശാധിയേ
വംഷജ,വംശജ
വഷസ്സ്,വക്ഷസ്സ്
വംസം,വംശം
വസുദാ,വസുധാ
വസ്തുനിഷ്ട,വസ്തുനിഷ്ഠ
വസ്തുനിഷ്ടം,വസ്തുനിഷ്ഠം
വാങ്ങയില്ല,വാങ്ങുകയില്ല
വാഞ്ച,വാഞ്ഛ
വാത്മീകി,വാല്മീകി
വാദപ്രദിവാദം,വാദപ്രതിവാദം
വാരാർനിധി,വാരാന്നിധി
വാർഷീക,വാർഷിക
വാൽമീകി,വാല്മീകി
വാസ്ഥവ,വാസ്തവ
വാസ്ഥവം,വാസ്തവം
വിക്ഞാപനം,വിജ്ഞാപനം
വിജ്രംഭ,വിജൃംഭ
വിഡ്ഡി,വിഡ്ഢി
വിഡ്ഡിത്വ,വിഡ്ഢിത്ത
വിഡ്ഡിത്വം,വിഡ്ഢിത്തം
വിഡ്ഢിത്വ,വിഡ്ഢിത്ത
വിഡ്ഢിത്വം,വിഡ്ഢിത്തം
വിണ്ഡലം,വിണ്ടലം
വിത്യസ്ത,വ്യത്യസ്ത
വിത്യസ്തം,വ്യത്യസ്തം
വിത്യസ്ഥ,വ്യത്യസ്ത
വിത്യസ്ഥം,വ്യത്യസ്തം
വിത്യാസ,വ്യത്യാസ
വിത്യാസം,വ്യത്യാസം
വിദഗ്ധ,വിദഗ്ദ്ധ
വിദഗ്ധനായ,വിദഗ്ദ്ധനായ
വിദഗ്ധൻ,വിദഗ്ദ്ധൻ
വിദഗ്ധർ,വിദഗ്ദ്ധർ
വിദ്ധ്യാർത്ഥി,വിദ്യാർത്ഥി
വിദ്ധ്യാർഥി,വിദ്യാർത്ഥി
വിദ്യാർഥി,വിദ്യാർത്ഥി
വിദ്യുത്ശക്തി,വിദ്യുച്ഛക്തി
വിധ്യാർത്ഥി,വിദ്യാർത്ഥി
വിധ്യാർഥി,വിദ്യാർത്ഥി
വിപ്രലംബശ്യംഗാരം,വിപ്രലംഭശ്യംഗാരം
വിമ്മിഷ്ട,വിമ്മിട്ട
വിമ്മിഷ്ടം,വിമ്മിട്ടം
വിമ്മിഷ്ഠ,വിമ്മിട്ട
വിമ്മിഷ്ഠം,വിമ്മിട്ടം
വിരുധ,വിരുദ്ധ
വിരുധം,വിരുദ്ധം
വില്പത്തി,വ്യുൽപത്തി
വിവാഹക്കാര്യം,വിവാഹകാര്യം
വിശദ്മായുണ്ടായിരുന്നു,വിശദമായുണ്ടായിരുന്നു
വിശ്വസ്ഥ,വിശ്വസ്ത
വിശ്വസ്ഥം,വിശ്വസ്തം
വിശ്വസ്ഥൻ,വിശ്വസ്തൻ
വിഷണ്ഡൻ,വിഷണ്ണൻ
വൃക്ഷഛായ,വൃക്ഷച്ഛായ
വൃച്ചികം,വൃശ്ചികം
വൃച്ഛികം,വൃശ്ചികം
വൃണം,വ്രണം
വൃത,വ്രത
വൃതം,വ്രതം
വൃതമെ,വ്രതമെ
വൃതശുദ്ധി,വ്രതശുദ്ധി
വൃതാനു,വ്രതാനു
വൃധാ,വൃഥാ
വൃശ്ഛികം,വൃശ്ചികം
വെക്കുനത്‌,വക്കുനതു
വെച്ച,വച്ച
വെച്ചതാണ്,വച്ചതാണ്
വെച്ചതായി,വച്ചതായി
വെച്ചശേഷം,വച്ചശേഷം
വെച്ചുള്ള,വച്ചുള്ള
വെച്ചോ,വച്ചോ
വെയ്യ്ക്കാം,വക്കാം
വേണ്ടിയ,വേണ്ട
വേറാരും,വേറെ ആരും
വൈദഗ്ധ്യ,വൈദഗ്ദ്ധ്യ
വൈദഗ്ധ്യം,വൈദഗ്ദ്ധ്യം
വൈദീക,വൈദിക
വൈദീകം,വൈദികം
വൈരുധ്യ,വൈരുദ്ധ്യ
വൈരുധ്യം,വൈരുദ്ധ്യം
വൈരുധ്യമായ,വൈരുദ്ധ്യമായ
വൈശിഷ്യം,വൈശിഷ്ട്യം
വ്യജ്ഞന,വ്യഞ്ജന
വ്യജ്ഞനം,വ്യഞ്ജനം
വ്യത്യസ്ഥ,വ്യത്യസ്ത
വ്യത്യസ്ഥം,വ്യത്യസ്തം
വ്യത്യസ്ഥമായ,വ്യത്യസ്തമായ
വ്യന്യാസ,വിന്യാസ
വ്യവസ്ത,വ്യവസ്ഥ
വ്യാഖരണം,വ്യാകരണം
വ്രിണ,വൃണ
ശംക്രാന്തി,സംക്രാന്തി
ശരിപകർപ്പ്,ശരിപ്പകർപ്പ്
ശർദ്ദി,ഛർദ്ദി
ശാസോശ്വാസ,ശ്വാസോച്ഛ്വാസ
ശിശ്രൂഷ,ശുശ്രൂഷ
ശൃംഘല,ശൃംഖല
ശേഘരം,ശേഖരം
ശ്രദ്ദ,ശ്രദ്ധ
ശ്രദ്ധവച്ചു,ശ്രദ്ധിച്ചു
ശ്രാർദ്ധം,ശ്രാദ്ധം
ശ്രോതസാ,സ്രോതസ്സാ
ശ്രോതസി,സ്രോതസ്സി
ശ്രോതസിൽ,സ്രോതസ്സിൽ
ശ്രോതസു,സ്രോതസ്സു
ശ്രോതസ്,സ്രോതസ്സ്
ശ്രോതസ്,സ്രോതസ്സ്
ശ്രോതസ്സി,സ്രോതസ്സി
ശ്രോതസ്സിൽ,സ്രോതസ്സിൽ
ശ്രോതസ്സ്,സ്രോതസ്സ്
ശ്രോതസ്സ്,സ്രോതസ്സ്
ശ്ലാഘയോഗ്യൻ,ശ്ലാഘായോഗ്യൻ
ശ്വാസോശ്വാസം,ശ്വാസോച്ഛ്വാസം
സക്രീയ,സക്രിയ
സംക്ഷിപ്തചരിത്രവും,സംക്ഷിപ്തചരിത്രവും
സംക്ഷിപ്തരൂപത്തിൽവിവർത്തനം,സംഷിപ്തരൂപത്തിൽവിവർത്തനം
സംക്ഷിപ്തസഹകരണ,സംഷിപ്തസഹകരണ
സംഗ്രമം,സംക്രമം
സങ്കടിപ്പികാൻ,സംഘടിപ്പിക്കാൻ
സങ്കടിപ്പിക്കു,സംഘടിപ്പിക്കു
സങ്കടിപ്പിക്കും,സംഘടിപ്പിക്കും
സങ്കടിപ്പിക്കുക,സംഘടിപ്പിക്കുക
സതിമൌലിര്തനം,സതീമൌലിര്തനം
സന്തര്ഷിക്കുക,സന്ദർശിക്കുക
സന്തുഷ്ഠ,സന്തുഷ്ട
സന്തുഷ്ഠകുടുബം,സന്തുഷ്ടകുടുബം
സന്തുഷ്ഠചിത്തൻ,സന്തുഷ്ടചിത്തൻ
സന്തുഷ്ഠൻ,സന്തുഷ്ടൻ
സന്തുഷ്ഠവാൻ,സന്തുഷ്ടവാൻ
സന്തോശം,സന്തോഷം
സന്ദോശം,സന്തോഷം
സന്ദോഷം,സന്തോഷം
സന്യാസീവേഷം,സന്യാസിവേഷം
സംപ്രതായം,സമ്പ്രദായം
സംബത്ത്,സമ്പത്ത്
സംബധി,സംബന്ധി
സബ്ബത്ത്,സമ്പത്ത്
സംഭന്ധിക്കുക,സംബന്ധിക്കുക
സംഭാതിക്കും,സമ്പാദിക്കും
സംഭാതിച്ചല്ല,സമ്പാദിച്ചല്ല
സംഭാതിച്ചു,സമ്പാതിച്ചു
സംഭാദിക്കും,സമ്പാദിക്കും
സംഭാദിച്ചില്ല,സമ്പാദിച്ചില്ല
സംഭാദിച്ചു,സമ്പാദിച്ചു
സംഭോധന,സംബോധന
സമതിക്കുക,സമ്മതിക്കുക
സമത്ത്വ,സമത്വ
സമത്ത്വം,സമത്വം
സമർദ്ധൻ,സമർത്ഥൻ
സമർദ്ധി,സമൃദ്ധി
സമുദ്രമദനം,സമുദ്രമഥനം
സമൂസ,സമോസ
സമൃഥി,സമൃദ്ധി
സമൃദ്ദി,സമൃദ്ധി
സമ്മദിക്കുക,സമ്മതിക്കുക
സമ്മധിക്കുക,സമ്മതിക്കുക
സമ്രിദ്ധി,സമൃദ്ധി
സർവത്ത്,സർബത്ത്
സർവ്വതോന്മുഖമായ,സർവ്വതോമുഖമായ
സംഷപവും,സംക്ഷപവും
സംഷിപ്ത,സംക്ഷിപ്ത
സംഷിപ്തചരിത്രം,സംക്ഷിപ്തചരിത്രം
സംഷിപ്തജനനചരിത്രം,സംക്ഷിപ്തജനനചരിത്രം
സംഷിപ്തജീവചരിത്രം,സംക്ഷിപ്തജീവചരിത്രം
സംഷിപ്തപട്ടിക,സംക്ഷിപ്തപട്ടിക
സംഷിപ്തപട്ടികയും,സംക്ഷിപ്തപട്ടികയും
സംഷിപ്തപഠനം,സംക്ഷിപ്തപഠനം
സംഷിപ്തപതിപ്പാണ്,സംക്ഷിപ്തപതിപ്പാണ്
സംഷിപ്തപതിപ്പിന്റെ,സംക്ഷിപ്തപതിപ്പിന്റെ
സംഷിപ്തപതിപ്പ്,സംക്ഷിപ്തപതിപ്പ്
സംഷിപ്തഭാരതം,സംക്ഷിപ്തഭാരതം
സംഷിപ്തമായി,സംക്ഷിപ്തമായി
സംഷിപ്തമായിരുന്നു,സംക്ഷിപ്തമായിരുന്നു
സംഷിപ്തമായ്,സംക്ഷിപ്തമായ്
സംഷിപ്തരാമായണം,സംക്ഷിപ്തരാമായണം
സംഷിപ്തരൂപം,സംക്ഷിപ്തരൂപം
സംഷിപ്തരൂപമൂലം,സംക്ഷിപ്തരൂപമൂലം
സംഷിപ്തരേഖ,സംക്ഷിപ്തരേഖ
സംഷിപ്തവിവരണം,സംക്ഷിപ്തവിവരണം
സംഷിപ്തവിവരണത്തോടുകൂടി,സംക്ഷിപ്തവിവരണത്തോടുകൂടി
സംഷിപ്തശബ്ദകോഷ്,സംക്ഷിപ്തശബ്ദകോഷ്
സഹികൂക,സഹിക്കുക
സാംക്രാമികം,സാംക്രമികം
സാംക്രാമികരോഗം,സാംക്രമികരോഗം
സാദാരണ,സാധാരണ
സാദാരണം,സാധാരണം
സാദാരണക്കാരിൽ,സാധാരണക്കാരിൽ
സാദാരണക്കാർ,സാധാരണക്കാർ
സാദൃശ്യത്ത,സാദൃശ്യത്ത
സാമൂഹ്യ,സാമൂഹിക
സാമൂഹ്യപാഠ,സാമൂഹ്യപാഠ
സാമ്രാട്ട,സമ്രാട്ട
സാമ്രാട്ട്,സമ്രാട്ട്
സുഖന്തം,സുഗന്ധം
സുഖന്ദം,സുഗന്ധം
സുഖന്ധം,സുഗന്ധം
സുഗന്തം,സുഗന്ധം
സുഗന്ദം,സുഗന്ധം
സുരനദിസുതൻ,സുരനദീസുതൻ
സുഹ്രുത്തും,സുഹൃത്തും
സുഹ്രുത്ത്,സുഹൃത്ത്
സൂചനപത്രിക,സൂചനാപത്രിക
സൂഷ്മ,സൂക്ഷ്മ
സൂഷ്മം,സൂക്ഷ്മം
സൃഷ്ടാ,സ്രഷ്ടാ
സൃഷ്ടാവ്,സ്രഷ്ടാവ്
സൈനീക,സൈനിക
സോഫ്റ്റ്വെയർ,സോഫ്റ്റ്‌വെയർ
സോഫ്റ്റ്വേർ,സോഫ്റ്റ്‌വേർ
സൌഷ്ടവം,സൌഷ്ഠവം
സ്താനം,സ്ഥാനം
സ്താനത്യാഗം,സ്ഥാനത്യാഗം
സ്തിതി,സ്ഥിതി
സ്ത്രീത്ത്വ,സ്ത്രീത്വ
സ്ത്രീത്ത്വം,സ്ത്രീത്വം
സ്ത്രോത്ര,സ്തോത്ര
സ്ത്രോത്രം,സ്തോത്രം
സ്ത്രോത്രസ്സ്,സ്തോത്രസ്സ്
സ്ഥിതീകരി:സ്ഥിരീകരി
സ്പുടം,സ്ഫുടം
സ്പുടത,സ്ഫുടത
സ്പുടപ,സ്ഫുടപ
സ്പുട്നിക,സ്പുട്നിക
സ്പുരിക്ക,സ്ഫുരിക്ക
സ്രഷ്ടി,സൃഷ്ടി
സ്രഷ്ടിച്ചു,സൃഷ്ടിച്ചു
സ്രിഷ്ടി,സൃഷ്ടി
സ്രോതസാ,സ്രോതസ്സാ
സ്രോതസി,സ്രോതസ്സി
സ്രോതസിൽ,സ്രോതസ്സിൽ
സ്രോതസു,സ്രോതസ്സു
സ്രോതസ്,സ്രോതസ്സ്
സ്രോതസ്,സ്രോതസ്സ്
സ്വച്ചം,സ്വച്ഛം
സ്വതന്ത്രസോഫ്റ്റ്വെയർ,സ്വതന്ത്രസോഫ്റ്റ്‌വെയർ
സ്വതസിദ,സ്വതസ്സിദ്ധ
സ്വമേഥയാ,സ്വമേധയാ
സ്വമേദയാ,സ്വമേധയാ
സ്വയരക്ഷ,സ്വയംരക്ഷ
സ്വാദിഷ്ട,സ്വാദിഷ്ഠ
സ്വാദിഷ്ടം,സ്വാദിഷ്ഠം
സ്വാദിഷ്ടമായ,സ്വാദിഷ്ഠമായ
സ്വാന്തന,സാന്ത്വന
സ്വാന്തനം,സാന്ത്വനം
സ്വാന്ത്വന,സാന്ത്വന
സ്വീകരികു,സ്വീകരിക്കു
സ്വീകരികുക,സ്വീകരിക്കുക
സ്വീകാര്യയോഗ്യം,സ്വീകാരയോഗ്യം
സ്വൈര്യ,സ്വൈര
സ്വൈര്യം,സ്വൈരം
സ്വൈര്യവിഹാരം,സ്വൈരവിഹാരം
ഹർതാൽ,ഹർത്താൽ
ഹർമ്യ,ഹർമ്മ്യ
ഹർമ്യം,ഹർമ്മ്യം
ഹാർദ്ദവം,ഹാർദ്ദം
ഹാർദ്ദവമാ,ഹാർദ്ദമാ
ഹാർദ്ദവമായി,ഹാർദ്ദമായി
ഹൃസ്വ,ഹ്രസ്വ
ഹൃസ്വം,ഹ്രസ്വം
ഹൃസ്വചിത്രം,ഹ്രസ്വചിത്രം
